LOCATION_ID,FUEL_TYPES
EET,"100LL,A+"
BFZ,"100LL,A+"
ALX,"100LL,A"
AIV,100LL
79J,"100LL,A+"
ANB,"100LL,A"
0R1,100LL
AUO,"100LL,A,A+"
1R8,"100LL,A+"
EKY,"100LL,A,A+"
BHM,"100LL,A"
12J,"100LL,A+"
PYP,100LL
02A,"100LL,A"
9A4,100LL
CMD,"100LL,A,A1+"
DCU,"100LL,A+"
DYA,"100LL,A+"
DHN,"100LL,A"
14J,100LL
EDN,"100LL,A+"
EUF,"100LL,A+"
GZH,"100LL,A+"
CQF,"100LL,A+"
M95,"100LL,A+"
0J4,"100LL,A"
5R4,100LL
4A9,"100LL,A+"
GAD,"100LL,A1+"
33J,"100LL,A+"
7A0,100LL
PRN,100LL
JKA,"100LL,A+"
8A1,"100LL,A+"
1M4,"100LL,A+"
HAB,"100LL,A+"
5M0,100LL
M38,100LL
HDL,"100LL,A"
HSV,"100LL,A"
3M5,100LL
MDQ,"100LL,A"
4R3,100LL
JFX,"100LL,A,A1"
7A3,100LL
04A,100LL
BFM,"100LL,A"
MOB,"100LL,A,A+"
MVC,"100LL,A+"
MGM,"100LL,A,A++"
MSL,"100LL,A"
71J,"100LL,A"
PLR,"100LL,A+"
1A9,"100LL,A+"
3M8,100LL
M22,"100LL,A"
2R5,100LL
4A6,"100LL,A"
SEM,"100LL,A"
SCD,"100LL,A+"
ASN,"100LL,A,A+"
TOI,"100LL,A+"
TCL,"100LL,A"
06A,"100LL,A+"
07A,100LL
08A,100LL
E95,"100LL,A"
P04,100LL
BXK,"100LL,A1"
IFP,"100LL,A"
A20,"100LL,A"
CGZ,"100LL,A+"
P19,"100LL,A"
CHD,"100LL,A+"
AZC,"100LL,A+"
P08,"100LL,A"
P52,100LL
DGL,"100LL,A"
DUG,"100LL,A1+"
E60,"100LL,A"
FLG,"100LL,A"
FHU,"100,A"
E63,100LL
GEU,"100LL,A1+"
P13,"100LL,A"
GYR,"100LL,A"
GCN,"100LL,A"
P14,100LL
IGM,"100LL,A"
HII,"100LL,A"
MZJ,"100LL,A"
FFZ,"100LL,A,A1+"
OLS,"100LL,A"
PGA,"100LL,A"
P20,"100LL,A+"
PAN,"100LL,A+"
DVT,"100LL,A+"
A39,100LL
IWA,"100LL,A"
PHX,"100LL,A"
PRC,"100LL,A"
SAD,"100LL,A+"
SJN,"100LL,A+"
E77,100LL
SDL,"100LL,A1+"
SEZ,"100LL,A,A+"
SOW,"100LL,A"
JTC,"100LL,A+"
TYL,100LL
AVQ,"100LL,A++"
TUS,"100LL,A,A++"
RYN,"100LL,A"
E25,"100LL,A1+"
P33,"100LL,A1+"
CMR,"100LL,A1+"
INW,"100LL,A"
NYL,"100,A,A+"
M73,100LL
ADF,"100LL,A"
CVK,"100LL,A"
BVX,"100LL,A+"
SUZ,"100LL,A+"
VBT,"100LL,A"
4M1,100LL
BYH,"100LL,A"
HKA,"100LL,A"
4M2,100LL
M36,100LL
CDH,"100LL,A"
4M3,100LL
4M8,100LL
H35,"100LL,A"
CCA,100LL
DRP,"100LL,A"
CXW,"100LL,A"
4M9,"100LL,A"
CRT,"100LL,A"
32A,100LL
DEQ,"100LL,A"
5M1,100LL
0M0,"100LL,A"
F43,100LL
ELD,"100LL,A+"
FYV,"100LL,A"
XNA,"100LL,A"
FLP,"100LL,A"
5M4,100LL
FCY,A
FSM,"100LL,A"
HRO,"100LL,A"
6M0,100LL
HBZ,"100LL,A"
HEE,"100LL,A"
M18,"100LL,A"
6M2,100LL
HOT,"100LL,A"
H34,100LL
JBR,"100LL,A"
3M0,100LL
M32,"100LL,A"
LIT,"100LL,A"
AGO,"100LL,A"
M78,100LL
MXA,"100LL,A"
6M7,100LL
4A5,100LL
7M1,"100LL,A"
42A,"100LL,A"
MEZ,"100LL,A"
LLQ,"100LL,A"
BDQ,"100LL,A+"
MPJ,"100LL,A"
BPK,"100LL,A"
7M2,100LL
7M3,"100LL,A"
M77,100LL
M19,"100LL,A"
ORK,"100LL,A"
7M4,100LL
7M5,100LL
PGR,"100LL,A"
PBF,"100LL,A"
M70,"100LL,A"
ROG,"100LL,A"
RUE,"100LL,A"
7M9,100LL
SRC,"100LL,A"
9M8,100LL
SLG,"100LL,A"
ASG,"100LL,A"
55M,100LL
SGT,"100LL,A"
TXK,"100LL,A"
ARG,"100LL,A"
3M9,100LL
AWM,"100LL,A"
L70,100LL
AAT,"100LL,A"
2O3,100LL
APV,"100LL,A"
ACV,"100LL,A"
AUN,"100LL,A,A1"
L45,"100LL,A"
BFL,"100,100LL,A"
BNG,100LL
O02,"100LL,A"
L35,"100LL,A"
BIH,"100LL,A"
BLH,"100LL,A"
L08,100LL
BWC,"100LL,A+"
BUR,"100LL,A,A+,UL94"
C83,100LL
CXL,"100LL,A,A+"
L71,"100LL,A"
CMA,"100LL,A"
O61,100LL
CRQ,"100LL,A"
O05,"100LL,A"
CIC,"100LL,A"
CNO,"100LL,A"
O60,100LL
3O8,100LL
O22,"100LL,A"
O08,100LL
CPM,100LL
CCR,"100LL,A1+,UL94"
AJO,100LL
O09,100LL
CEC,"100LL,A"
DAG,"100LL,A"
DWA,"100LL,A,A+"
EDU,100LL
DLO,100LL
EMT,"100LL,A"
EKA,100LL
L18,100LL
A30,100LL
FOT,100LL
FCH,"100LL,A"
FAT,"100,A,A++"
FUL,"100LL,A"
O16,100LL
E36,100LL
GOO,"100LL,A"
E45,100LL
3O1,100LL
HAF,100LL
HJO,100LL
HHR,"100LL,A"
HWD,"100LL,A,UL94"
HES,100LL
HMT,"100LL,A"
L26,100LL
CVH,"100LL,A"
IPL,"100LL,A"
IYK,"100LL,A"
JAQ,"100LL,A"
KIC,100LL
1O2,100LL
WJF,"100LL,A"
POC,"100LL,A"
LHM,"100LL,A"
LLR,100LL
LVK,"100LL,A"
1O3,"100LL,A"
O20,100LL
LPC,"100LL,A"
O26,"100LL,A"
LGB,"100LL,A,UL94"
LAX,A
WHP,"100LL,A,UL94"
LSN,"100LL,A"
MAE,"100LL,A"
MMH,"100LL,A"
OAR,"100LL,A"
MPI,"100LL,A"
MYV,"100LL,A"
MCE,"100LL,A"
MER,"100LL,A,A1"
MOD,"100LL,A,A1+"
MHV,"100LL,A,A+"
1O5,100LL
SIY,A
MRY,"100LL,A,UL94"
F70,"100LL,A"
APC,"100LL,A"
EED,"100LL,A"
DVO,"100LL,A"
O27,100LL
OAK,"100LL,A"
L52,100LL
OKB,"100LL,A"
ONT,"100LL,A"
O37,100LL
OVE,"100LL,A"
O06,MOGAS
OXR,"100LL,A"
PSP,"100LL,A"
UDD,"100LL,A,A+"
TRM,"100LL,A"
PAO,"100LL,A"
PRB,"100LL,A"
L65,"100LL,A"
O69,"100LL,A"
PVF,"100LL,A"
PTV,"100LL,A"
2O1,100LL
RNM,"100LL,A"
RIU,"100LL,A"
RBL,"100LL,A"
O85,"100LL,A"
RDD,"100LL,A"
REI,100LL
O32,"100LL,A"
L36,100LL
O88,100LL
RAL,"100LL,A"
RIR,100LL
RIV,"100LL,A,A++"
L00,100LL
SMF,"100LL,A"
MHR,"100LL,A"
SAC,"100LL,A"
MCC,"100LL,A,A+"
SNS,"100LL,A"
CPU,100LL
SBD,"100LL,A"
SQL,"100LL,A,A+,UL94"
SEE,"100LL,A"
MYF,"100LL,A,A+,UL94"
SAN,"100LL,A"
SDM,"100LL,A,A+"
SFO,"100LL,A,A++"
RHV,"A,G100UL,UL94"
SJC,"100LL,A"
SBP,"100LL,A"
E16,"A,UL94"
SNA,"100LL,A"
SBA,"100LL,A"
SMX,"100LL,A"
SMO,"100LL,A,UL94"
SZP,100LL
STS,"100LL,A1"
IZA,"100LL,A"
0Q3,100LL
0Q4,100LL
MIT,"100LL,A"
0Q9,100LL
TVL,"100LL,A"
SCK,"100,100LL,A"
SVE,"100LL,A"
L17,"100LL,A"
TSP,"100LL,A"
TOA,100LL
TCY,"100LL,A"
TRK,"100LL,A,A+"
TLR,"100LL,A"
O81,"100LL,A"
O15,100LL
TNP,100LL
UKI,"100LL,A"
CCB,"100LL,A"
VCB,"100LL,A"
VNY,"100LL,A"
VCV,"100LL,A"
VIS,"100LL,A"
L19,100LL
WVI,"100LL,A,G100UL"
O46,"100LL,A"
O28,100LL
WLW,100LL
O42,100LL
O41,100LL
O52,100LL
AKO,"100LL,A1"
ALS,"100LL,A"
ASE,"100LL,A1+"
BDU,"100LL,A"
AEJ,"100LL,A"
ITR,"100LL,A1+"
1V6,"100LL,A"
1V8,100LL
COS,"100LL,A"
FLY,100LL
CEZ,"100LL,A"
CAG,"100LL,A"
C24,"100LL,A"
RCV,"100LL,A+"
AJZ,"100LL,A"
BJC,"100LL,A,UL94"
APA,"100LL,A,UL94"
DEN,"100LL,A"
CFO,"100LL,A"
DRO,"100LL,A"
00C,100LL
EGE,"100LL,A1,A1+,MOGAS"
CO4,100LL
EIK,"100LL,A"
FNL,"100LL,A"
FMM,"100LL,A1"
GWS,"100LL,A"
GNB,"100LL,A"
GJT,"100LL,A"
GXY,"100LL,A"
GUC,"100LL,A+"
HDN,"100LL,A"
K08,100LL
HEQ,"100LL,A"
18V,100LL
20V,"100LL,A"
LHX,"100LL,A"
LAA,"100LL,A"
LXV,"100LL,A"
LIC,100LL
LMO,"100LL,A,MOGAS"
EEO,"100LL,A"
MVI,100LL
MTJ,"100LL,A+"
AIB,"100LL,A"
PSO,"100LL,A"
7V2,100LL
PUB,"100LL,A"
4V0,100LL
RIL,"100LL,A"
ANK,"100LL,A+"
8V7,100LL
SBS,"100LL,A"
STK,"100LL,A"
TEX,"100LL,A"
TAD,"100LL,A+"
4V1,"100LL,A"
C08,100LL
RYA,100LL
2V6,"100LL,J"
BDR,"100LL,A"
SNC,100LL
DXR,"100LL,A"
LZD,100LL
7B9,100LL
GON,"100LL,A"
HFD,"100LL,A"
MMK,100LL
HVN,"100LL,A"
OXC,"100LL,A"
4B8,"100LL,A"
4B9,100LL
7B6,100LL
IJD,"100LL,A+"
BDL,"100LL,A"
DOV,"A+,J8"
33N,100LL
0N4,"100LL,MOGAS"
GED,"100LL,A"
EVY,"100LL,A"
38N,"100LL,MOGAS"
ILG,"100LL,A"
DCA,A
IAD,"100LL,A"
HEF,"100LL,A"
09W,A
AAF,"100LL,A"
X04,"100LL,A"
X06,100LL
AVO,"100LL,A"
BOW,"100LL,A"
F95,"100LL,A"
BCT,"100LL,A"
BCR,"100LL,A"
BKV,"100LL,A"
X05,100LL
X13,100LL
CLW,"100LL,A"
2IS,"100LL,A"
CEW,"100LL,A,A1+"
CTY,"100LL,A"
CGC,"100LL,A"
DAB,"100LL,A"
54J,"100LL,A+"
DED,"100LL,A,UL94"
DTS,"100LL,A"
X35,"100LL,A+"
X01,100LL
FHB,"100LL,A"
FLL,"100LL,A"
FXE,"100LL,A"
FMY,"100LL,A"
RSW,"100LL,A,A+"
FPR,"100LL,A"
GNV,"100,A"
01J,100LL
HWO,"100LL,A"
X51,"100LL,A"
IMM,"100LL,A,A+"
X58,100LL
INF,"100LL,A+"
HEG,"100LL,A"
JAX,"100LL,A"
VQQ,"100LL,A1+"
CRG,"100LL,A"
42J,"100LL,A+"
EYW,"100LL,A"
X14,"100LL,A"
LCQ,"100LL,A"
LAL,"100LL,A"
X07,"100LL,A"
LEE,"100LL,A"
24J,"100LL,A,A+"
MTH,"100LL,A1+"
MKY,"100LL,A,A+"
MAI,"100LL,A"
MLB,"100LL,A"
COI,"100LL,A"
TMB,"100LL,A"
MIA,"100,A"
OPF,"100LL,A"
2R4,"100LL,A1+"
APF,"100LL,A,A+,UL94"
EVB,"100LL,A"
X50,"100LL,A"
OCF,"100LL,A1+"
OBE,"100LL,A,A+"
MCO,"100LL,A"
SFB,"100LL,A"
ISM,"100LL,A"
ORL,"100,100LL,A"
OMN,"100LL,A"
PHK,"100LL,A"
28J,"100LL,A"
FIN,"100LL,A"
48X,100LL
ECP,"100LL,A"
82J,"100LL,A+"
PNS,"100,100LL,A"
FPY,"100LL,A"
PCM,"100LL,A"
PMP,"100LL,A"
PGD,"100LL,A,A+"
2J9,100LL
SGJ,"100LL,A"
SPG,"100LL,A,A1"
PIE,"100,A,A1+"
SRQ,"100LL,A"
X26,100LL
SEF,"100LL,A,UL94"
SUA,"100LL,A"
TLH,"100LL,A"
TPA,"100LL,A"
VDF,"100LL,A"
X39,"100LL,J8+10"
TPF,"100LL,A"
FA1,"100LL,MOGAS"
X21,"100LL,A"
TIX,"100LL,A"
X23,"100,100LL"
X59,100LL
VPS,A
VNC,"100LL,A"
VRB,"100,A"
CHN,100LL
F45,"100LL,A"
DJT,"100LL,A"
LNA,"100LL,A"
X60,"100LL,A"
GIF,"100LL,A,MOGAS"
F57,100LL
ZPH,"100LL,A,A+"
15J,"100LL,A+"
ABY,"100LL,A"
AMG,"100LL,A+"
ACJ,"100LL,A"
AHN,"100LL,A,A1"
FTY,"100LL,A+"
ATL,"100,100LL,A"
FFC,"100LL,A+"
CVC,"100LL,A+"
RYY,"100LL,A+"
PDK,"100LL,A,A+"
DNL,"100LL,A1+"
AGS,"100LL,A"
BGE,"100LL,A+"
BHC,"100LL,A+"
DZJ,"100LL,A+"
BIJ,"100LL,A"
BQK,"100LL,A"
82A,100LL
6A1,100LL
70J,100LL
CZL,"100LL,A+"
CXU,"100LL,A+"
18A,"100LL,A"
CNI,"100LL,A+"
CTJ,"100LL,A+"
VPC,"100LL,A+"
4A4,"100LL,A"
CWV,100LL
48A,100LL
CSG,"100LL,A"
CKF,"100LL,A+"
AJR,"100LL,A+"
9A0,100LL
PUJ,"100LL,A+"
DNN,"100LL,A+"
16J,"100LL,A+"
17J,100LL
DQH,"100LL,A+"
DBN,"100LL,A+"
EZM,"100LL,A+"
EBA,100LL
49A,100LL
FZG,"100LL,A"
LHW,"100LL,A+"
GVL,"100LL,A+"
CPP,"100LL,A+"
6A2,"100LL,A+"
HMP,"100LL,A+"
AZE,"100LL,A+"
JZP,"100LL,A+"
JCA,"100LL,A+"
09J,100LL
JES,"100LL,A+"
9A5,100LL
LGC,"100LL,A+"
LZU,"100LL,A+"
2J3,"100LL,A+"
MQW,"100LL,A+"
MAC,"100LL,A+"
MCN,"100LL,A"
52A,100LL
MHP,"100LL,A+"
MLJ,"100LL,A+"
2J5,"100LL,A+"
D73,100LL
MGR,"100LL,A+"
4J2,A
CCO,"100LL,A+"
PXE,"100LL,A+"
PIM,"100LL,A+"
RVJ,"100LL,A"
RMG,"100LL,A+"
OKZ,"100LL,A+"
SAV,"100LL,A,A+,A++"
TBR,"100LL,A+"
SSI,"100LL,A,A+"
SBO,"100LL,A,A+"
JYL,"100LL,A+"
SYV,100LL
OPN,"100LL,A+"
TVI,"100LL,A,A+"
HQU,"100LL,A+"
TMA,"100LL,A+"
TOC,"100LL,A+"
VLD,"100LL,A1+"
VDI,"100LL,A+"
5A9,100LL
IIY,"100LL,A+"
AYS,"100LL,A+"
BXG,"100LL,A+"
GA2,100LL
WDR,"100LL,A+"
U01,100LL
AOC,100LL
U02,100LL
BOI,"100LL,A+"
65S,"100LL,A"
U03,"100LL,MOGAS"
BYI,"100LL,A"
EUL,"100LL,A,A+"
U70,"100LL,A"
LLJ,"100,A"
S76,100LL
COE,"100,A"
U82,100LL
DIJ,"100LL,A+"
S78,100LL
GNG,"100LL,A"
GIC,"100LL,A"
SUN,"100LL,A1+"
IDA,"100LL,A1"
JER,"100LL,A,A+"
S73,100LL
S83,100LL
LWS,"100,100LL,A"
MYL,"100LL,A,A1+"
MLD,100LL
U76,"100LL,A"
MAN,"100LL,A,MOGAS"
S68,100LL
1U7,100LL
S75,"100LL,MOGAS"
PIH,"100LL,A1,A1+"
U10,100LL
RXE,"100LL,A"
U56,100LL
U12,"100LL,A"
S72,100LL
SMN,"100,A"
SZT,"100LL,A"
U78,100LL
TWF,"100LL,A1+"
S87,100LL
ALN,"100LL,A"
BLV,"100LL,A+"
H96,100LL
BMI,"100LL,A"
1C5,"100LL,A"
CPS,"100LL,A"
CIR,100LL
CTK,100LL
MDH,"100LL,A"
CUL,"100LL,A"
1H8,100LL
ENL,"100LL,A"
CMI,"100LL,A1+"
UGN,"100LL,A"
LOT,"100LL,A"
ARR,"100,A1"
MDW,"100LL,A1+"
ORD,"100LL,A"
PWK,"100LL,A1+"
3CK,"100LL,A"
DPA,"100LL,A"
IGQ,"100LL,A"
06C,"100LL,A"
DNV,"100LL,A"
DEC,"100LL,A"
DKB,"100LL,A1+"
C73,100LL
DTG,100LL
1H2,"100LL,A"
FWC,"100LL,A"
FOA,"100LL,A"
FEP,"100LL,A"
GBG,"100LL,A"
C81,100LL
GRE,"100LL,A"
10C,100LL
HSB,"100LL,A"
0C0,100LL
9I0,100LL
IJX,"100LL,A"
JOT,"100LL,A,MOGAS"
IKK,"100LL,A"
EZI,100LL
C75,"100LL,UL94"
LWV,"100LL,A"
AAA,100LL
3LF,"100LL,A"
MQB,"100LL,A"
MWA,"100LL,A"
MTO,"100LL,A"
M30,100LL
MLI,"100LL,A"
I04,100LL
C56,"100LL,A"
C66,"100LL,MOGAS"
C09,"100LL,A+"
AJG,"100LL,A"
I63,"100LL,A"
MVN,"100LL,A"
OLY,"100LL,A+"
PRG,"100LL,A"
1C1,"100LL,A"
C15,"100LL,A"
3MY,"100LL,A"
PIA,"100LL,A,A++"
VYS,"100LL,A+"
PJY,100LL
PPQ,"100LL,A"
PNT,"100LL,A"
C77,100LL
UIN,"100LL,A"
TIP,"100LL,A"
RSV,"100LL,A"
RPJ,"100LL,A"
RFD,"100LL,A,A1+"
SLO,100LL
SFY,"100LL,MOGAS"
2H0,"100LL,A+"
SAR,"100LL,A"
SPI,"100LL,A,J8"
SQI,"100LL,A"
TAZ,"100LL,A"
K96,100LL
C16,"100LL,A"
VLA,"100LL,A"
AID,"100LL,A,MOGAS"
ANQ,"100LL,A"
GWB,"100LL,A+"
HLB,A
BFR,"100LL,A+"
BMG,"100LL,A"
C40,100LL
0I2,100LL
BAK,"100LL,A+"
CEV,"100LL,A"
CFJ,"100LL,A,A+"
1I9,100LL
EKM,"100LL,A"
EVV,"100LL,A"
3EV,100LL
SMD,"100LL,A"
FWA,"100LL,A,A+"
FKR,"100LL,A"
FRH,"100LL,A1+"
GYY,"100LL,A"
GSH,"100LL,A"
GPC,"100LL,A1+"
I34,"100LL,A+"
05C,"100LL,A,UL94"
3HO,100LL
HNB,"100LL,A1+"
HHG,"100LL,A"
HFY,"100LL,A,A+"
EYE,"100LL,A"
UMP,"100LL,A"
MQJ,"100LL,A,A+"
TYQ,"100LL,A,A+"
8A4,A1+
2R2,"100LL,MOGAS"
IND,"100LL,A,A1+"
JVY,"100LL,A"
C62,"100LL,A"
50I,"100LL,A"
OXI,"100LL,A+"
OKK,"100LL,A1+"
LAF,"100LL,A"
PPO,"100LL,A,MOGAS"
GGP,"100LL,A"
C97,100LL
IMS,"100LL,A"
MZZ,"100LL,A"
MGC,"100LL,A+,UL94"
MCX,"100LL,A"
MIE,"100LL,A"
7I2,"100LL,UL94"
C03,100LL
UWL,"100LL,A"
OVO,"100LL,A"
I42,100LL
I76,"100LL,A"
GUS,100
C65,"100LL,A"
PLD,"100LL,A"
RZL,"100LL,A+"
RID,"100LL,A"
RCR,"100LL,A"
I83,100LL
SER,"100LL,A1+"
GEZ,"100LL,A,A+"
5I4,100LL
SBN,"100LL,A"
SIV,"100LL,A"
TEL,"100LL,MOGAS"
3I3,100LL
HUF,"100LL,A"
VPZ,"100LL,A"
IWH,"100LL,A"
ASW,"100LL,A"
DCY,"100LL,A+"
4C2,UL91
RWN,"100LL,A"
I22,"100LL,A"
AXA,"100LL,A"
AMW,"100,A"
IKV,"100LL,A"
AIO,"100LL,A"
4K6,100LL
BNW,"100LL,A,MOGAS"
BRL,"100LL,A"
CIN,"100LL,A"
CID,"100LL,A"
TVK,"100LL,A,MOGAS"
CNC,100LL
CCY,"100LL,A"
CKP,"100LL,A"
ICL,"100LL,A"
CAV,"100LL,A"
CWI,"100LL,A"
CRZ,100LL
0E9,MOGAS
CBF,"100LL,A"
CSQ,"100LL,A"
DVN,"100LL,A"
DEH,"100LL,A+"
DNS,"100LL,A"
DSM,"100LL,A"
DBQ,"100LL,A1+"
EAG,100LL
EGQ,100LL
EST,"100LL,A+"
FFL,"100LL,A"
FXY,100LL
FOD,"100LL,A"
FSW,100LL
GFZ,100LL
GGI,"100LL,A"
GCT,100LL
HPT,"100LL,A"
HNR,"100LL,A"
0K7,100LL
IIB,"100LL,A"
IOW,"100LL,A"
IFA,"100LL,A+"
EFW,100LL
EOK,"100LL,A"
OXV,"100LL,A"
LWD,100LL
LRJ,"100LL,A+"
C27,100LL
MEY,100
OQW,100LL
C17,"100LL,A,MOGAS"
MIW,"100LL,A"
MCW,"100LL,A"
SXK,"100LL,A+"
4D8,100LL
MXO,"100LL,A"
MPZ,"100LL,A"
MUT,"100LL,A"
TNU,"100LL,A"
OLZ,"100LL,A"
I75,100LL
OOA,"100LL,A"
OTM,"100LL,A"
1Y9,100LL
PEA,"100LL,A"
PRO,"100LL,A"
POH,100LL
RDK,"100LL,A1+"
RRQ,100LL
2Y4,100LL
SKI,100LL
SHL,"100LL,A"
SDA,"100LL,A+"
ISB,100LL
SUX,"100LL,A"
SPW,"100LL,A"
SLB,"100,A"
8C4,100LL
VTI,"100LL,A,MOGAS"
AWG,"100LL,A"
ALO,"100LL,A"
Y01,100LL
C25,100LL
EBS,"100LL,A"
3Y2,"100LL,A"
3Y3,"100LL,A"
K78,100LL
ANY,100LL
K58,100LL
K59,"100LL,A+"
ADT,100LL
3AU,"100LL,A+,MOGAS"
K64,100LL
RPB,100LL
K61,"100LL,A"
1K1,"100LL,A+"
UKL,"100LL,A"
CNU,"100LL,A+"
8K8,100LL
CYW,100LL
CFV,"100LL,A+"
CBK,"100LL,A1+"
3K8,100LL
CNK,"100LL,A+"
DDC,"100LL,A"
EQA,"100LL,A,MOGAS"
EHA,100LL
9K7,100LL
EMP,"100LL,A1+,MOGAS"
13K,100LL
FLV,"100LL,A,A1+"
FSK,"100LL,A1+"
GCK,"100LL,A"
K34,100LL
K68,100LL
GLD,"100LL,A+"
GBD,"100LL,A"
8K2,100LL
HYS,"100LL,A"
HRU,100LL
HLC,"100LL,A+"
M66,100LL
HQG,100LL
HUT,"100LL,A"
IDP,"100LL,A"
K88,"100LL,A,MOGAS"
JHN,"100LL,A"
3JC,"100LL,A"
9K8,100LL
33K,100LL
4KS,100LL
36K,100LL
LQR,100LL
LWC,"100LL,A"
3K7,100LL
LBL,"100LL,A"
K71,100LL
LYO,"100LL,A"
MPR,"100LL,A,MOGAS"
MHK,"100LL,A"
43K,"100LL,MOGAS"
MEJ,100LL
47K,"100LL,MOGAS"
2K7,MOGAS
EWK,"100LL,A"
NRN,"100LL,A,A1+"
OEL,"100LL,A,A1+"
OIN,100LL
IXD,"100LL,A"
OJC,"100LL,A"
K75,100LL
K67,100LL
OWI,"100LL,A"
K81,100LL
PPF,"100LL,A,A+"
PHG,"100LL,A"
PTS,"100LL,A"
PTT,"100LL,A"
K50,"100LL,MOGAS"
RSL,100LL
K83,100LL
SYF,100LL
SLN,"100LL,A"
1K9,100LL
TQK,"100LL,A"
K82,100LL
RCP,"100LL,A"
3K3,100LL
TOP,"100LL,A"
FOE,"100LL,A"
5K2,100LL
ULS,"100LL,A"
69K,100LL
EGT,"100LL,A"
ICT,"100LL,A"
71K,100LL
AAO,"100LL,A"
WLD,"100LL,A"
DWU,"100LL,A"
BRY,"100LL,A+"
BWG,"100LL,A"
M34,"100LL,A"
AAS,"100LL,A+"
I96,100LL
CVG,"100LL,A"
0I8,100LL
DVK,"100LL,A+"
EKX,"100LL,A+"
K62,100LL
FGX,"100LL,A+"
FFT,"100LL,A+"
1M7,100LL
27K,"100LL,A+"
GLW,"100LL,A+"
M21,"100LL,A+"
I93,100LL
I35,"100LL,A+"
JQD,100LL
CPF,"100LL,A+"
EHR,"100LL,A+"
HVC,"100LL,A+"
K24,"100LL,A+"
M20,100LL
KY8,"100LL,A+"
LEX,"100LL,A"
LOZ,"100LL,A+"
SDF,"100LL,A,A+"
LOU,"100LL,A"
2I0,"100LL,A+"
GDA,"100LL,A+"
M25,"100LL,A+"
1A6,"100LL,A+"
EKQ,"100LL,A+"
SYM,"100LL,A+"
IOB,"100LL,A+"
CEY,"100LL,A+"
OWB,"100LL,A"
PAH,"100LL,A"
PBX,"100LL,A+"
18I,100LL
SJS,"100LL,A+"
2M0,100LL
RGA,"100LL,A+"
4M7,"100LL,A+"
SME,"100LL,A+"
6I2,"100LL,A+"
I50,100LL
TWT,"100LL,A+"
TZV,100LL
8GK,"100LL,A"
BYL,"100LL,A+"
IYA,"100LL,A"
AEX,"100,A,MOGAS"
ESF,"100LL,A"
BQP,100LL
BTR,"100LL,A"
BXA,"100LL,A"
2R6,100LL
L31,100LL
5R8,100LL
DRI,"100LL,A"
4R7,"100LL,A"
F87,100LL
GAO,"100LL,A1+"
REG,"100LL,A+"
HDC,"100LL,A"
HUM,"100LL,A"
2R1,100LL
3R7,"100LL,A"
L32,"100LL,A"
LFT,"100LL,A,A+"
LCH,"100LL,A1+"
CWF,"100LL,A1+"
L39,"100LL,A"
3F3,"100LL,A"
3R4,100LL
MKV,100LL
MNE,"100LL,A+"
MLU,"100LL,A"
IER,"100LL,A1+"
ARA,"100LL,A"
MSY,"100LL,A"
NEW,"100LL,A"
HZR,100LL
ACP,"100LL,A"
9M6,"100LL,A"
OPL,"100LL,A+"
PTN,"100LL,A"
2L0,"100LL,MOGAS"
APS,"100LL,A,A+"
RSN,"100LL,A"
L33,100LL
SHV,"100LL,A"
DTN,"100LL,A"
ASD,"100LL,A+"
UXL,"100LL,A"
TVR,"100LL,A"
L83,100LL
0R4,100LL
3F4,100LL
F89,100LL
LEW,"100LL,A1+"
AUG,"100LL,A"
BGR,"100LL,A"
BHB,"100LL,A"
BST,"100LL,A+"
0B1,100LL
B19,100LL
BXM,"100LL,A+"
CAR,100LL
B21,"100LL,MOGAS"
1B0,"100LL,MOGAS"
EPM,"100LL,A+"
FVE,"100LL,A"
IZG,"100LL,A+"
3B1,"100LL,A"
HUL,"100LL,A+,A1+"
59B,100LL
PG1,MOGAS
63B,100LL
LRG,100LL
MVM,100LL
70B,100LL
MLT,"100LL,A"
76B,100LL
OWK,"100LL,MOGAS"
OLD,"100LL,A"
81B,100LL
85B,100LL
2B7,"100LL,A1+"
PWM,"100LL,A"
PQI,"100LL,A"
PNN,100LL
8B0,"100LL,A"
M57,100LL
RKD,"100LL,A"
SFM,"100LL,A,MOGAS"
92B,MOGAS
WVL,"100LL,A+"
IWI,"100LL,A1+"
ANP,100LL
MTN,"100LL,A+"
4MD,A
BWI,"100LL,A"
CGE,"100LL,A"
0W3,"100LL,A"
CGS,"100LL,A1+"
W41,100LL
CBE,"100LL,A"
ESN,"100LL,A"
58M,100LL
W42,100LL
FME,"100LL,A+"
FDK,"100LL,A"
VKX,100LL
GAI,"100LL,A"
HGR,"100LL,A"
2W5,"100LL,A"
W50,100LL
2W6,"100LL,A"
W00,100LL
2G4,"100LL,A+"
OXB,"100LL,A"
SBY,"100LL,A"
W29,100LL
DMW,"100LL,A"
2W2,100LL
BED,"100LL,A"
1M8,100LL
BVY,"100LL,A,A+"
BOS,"100LL,A"
CQX,"100LL,A,A+"
1B2,100LL
5B6,"100LL,UL94"
FIT,"100LL,A+"
GDM,100LL
GBR,100LL
HYA,"100LL,A"
LWM,"100LL,A,A+"
1B9,100LL
GHG,"100LL,A,A+"
2B1,100LL
0B5,"100LL,A1"
ACK,"100LL,A+"
EWB,"100LL,A"
2B2,100LL
AQW,"100LL,A"
7B2,100LL
OWD,"100LL,A,A+"
ORE,"100LL,A"
PSF,"100LL,A,A+"
PYM,"100LL,A"
PVC,"100LL,A+"
3B0,100LL
CEF,"100LL,A"
3B3,100LL
6B6,100LL
TAN,100LL
MVY,"100LL,A"
BAF,"100LL,A"
ORH,"100LL,A"
ADG,"100LL,A+"
35D,100LL
AMN,"100LL,A+"
APN,"100LL,A"
ARB,"100LL,A+"
BAX,"100LL,A+"
BTL,"100LL,A+"
3CM,100LL
SJX,100LL
ACB,"100LL,A+"
BEH,"100LL,A1+"
C20,100LL
RQB,"100LL,A+"
N98,100LL
BFA,100LL
CAD,"100LL,A"
CFS,"100LL,A+"
CVX,"100LL,A+"
FPK,100LL
SLH,"100LL,A+"
48D,100LL
OEB,"100LL,A+"
DET,"100LL,A"
ONZ,"100LL,A"
DTW,"100LL,A"
YIP,"100LL,A"
C91,100LL
DRM,"100LL,MOGAS"
6D9,100LL
ESC,"100LL,A"
FNT,"100LL,A"
3DA,100LL
FKS,100LL
FFX,"100LL,A,A+"
GLR,"100LL,A+"
GDW,"100LL,A+"
3GM,"100LL,A"
4D0,100LL
GRR,"100LL,A"
GOV,"100LL,A+"
6D6,"100LL,A+"
CMX,"100LL,A"
MGN,"100LL,A+"
C04,100LL
9D9,"100LL,A+"
5Y1,100LL
JYM,"100LL,A"
BIV,"100LL,A+"
HTL,100LL
OZW,"100LL,A,A+"
Y70,100LL
IMT,"100LL,A"
Y73,100LL
IWD,"100LL,A"
JXN,"100LL,A+"
08C,100LL
AZO,"100LL,A"
13C,100LL
DUH,100LL
LAN,"100LL,A"
D95,"100LL,A+"
9G2,100LL
24C,100LL
LDM,"100LL,A+"
75G,UL94
MBL,"100LL,A"
ISQ,"100LL,A+"
76G,100LL
77G,100LL
SAW,"100LL,A"
RMY,"100LL,UL94"
TEW,100LL
MNM,"100LL,A+"
IKW,"100LL,A+"
51M,100LL
TTF,100LL
MOP,"100LL,A+"
MKG,"100LL,A"
ERY,"100LL,A+"
Y47,100LL
3TR,100LL
OGM,100LL
OSC,"100LL,A+"
RNP,100LL
PLN,"100LL,A+"
52I,100LL
61D,100LL
1D2,100LL
PTK,"100LL,A"
PHN,"100LL,A+"
57D,100LL
PZQ,100LL
D98,"100LL,A"
HYX,"100LL,A+"
MBS,"100LL,A"
83D,"100LL,A+"
Y83,100LL
ANJ,"100LL,A+"
CIU,"100LL,A"
98G,100LL
LWA,"100LL,A+"
8D4,"100LL,A+,MOGAS"
IRS,"100LL,A+"
3TE,100LL
34G,100LL
HAI,"100LL,A"
TVC,"100LL,A+"
VLL,"100LL,A+"
Y31,"100LL,A+"
42C,100LL
Z98,"100LL,A+"
D00,100LL
AIT,"100LL,A"
AEL,"100LL,A,MOGAS"
AXN,"100LL,A"
AUM,"100LL,A"
7Y3,"100LL,MOGAS"
BDE,"100LL,A"
BJI,"100LL,A"
BBB,"100LL,A"
SBU,"100LL,A"
BRD,"100LL,A"
6D1,100LL
CFE,100LL
CHU,100LL
CBG,"100LL,A"
CNB,"100LL,A"
COQ,"100LL,A"
CQM,"100LL,A"
CDD,"100LL,MOGAS"
CKN,"100LL,A"
DTL,"100LL,A"
TOB,"100LL,A"
DLH,"100LL,A,J8"
DYT,100LL
M16,MOGAS
Y63,100LL
ELO,"100LL,A"
EVM,"100LL,A"
9Y5,100LL
FRM,"100LL,A"
FBL,"100LL,A"
FFM,"100LL,A"
D14,100LL
25D,100LL
FSE,100LL
GYL,100LL
GHW,100LL
CKC,"100LL,A"
GPZ,"100LL,A"
GDB,100LL
HCO,"100LL,A"
04Y,100LL
1D6,100LL
05Y,100LL
06Y,100LL
HIB,"100LL,A"
04W,100LL
HCD,"100LL,A"
INL,"100LL,A"
09I,100LL
09Y,"100LL,A"
MJQ,"100LL,A"
12Y,"100LL,A"
8Y4,100LL
LJF,100LL
LXL,"100LL,UL91"
14Y,100LL
XVG,100LL
LYV,"100LL,A"
DXX,100LL
3N8,100LL
MKT,"100LL,A+"
MGG,100LL
MML,"100LL,A"
HZX,"100LL,MOGAS"
18Y,100LL
MIC,"100LL,A"
LVN,"100LL,A"
MSP,"100LL,A,A++"
FCM,"100LL,A"
ANE,"100LL,A"
MVE,100LL
JKJ,"100LL,A"
MZH,100LL
JMR,"100LL,A"
MOX,"100LL,A"
ULM,"100LL,A"
OVL,100LL
ORB,"100LL,A"
VVV,"100LL,A"
OWA,"100LL,A"
PKD,100LL
PEX,100LL
16D,100LL
PWC,100LL
PQN,"100LL,A"
FKA,100LL
PNM,100LL
RGK,"100LL,A"
RWF,"100LL,A"
RST,"100LL,A"
ROX,"100LL,A"
ROS,"100LL,A"
55Y,100LL
STC,"100LL,A"
JYG,100LL
21D,"100LL,A"
STP,"100LL,A"
D39,100LL
DVP,100LL
SGS,"100LL,A,UL94"
D42,100LL
SYN,"100LL,UL94"
SAZ,100LL
TVF,"100LL,A,A+"
12D,100LL
TKC,100LL
TWM,"100LL,A,MOGAS"
ADC,100LL
Y49,100LL
RRT,"100LL,A"
ACQ,100LL
68Y,100LL
BDH,"100LL,A"
MWM,"100LL,A"
ONA,"100LL,A"
10D,100LL
OTG,"100LL,A"
M40,"100LL,A"
PMU,"100LL,A"
HSA,"100LL,A+"
01M,100LL
1M2,100LL
8M1,"100LL,A"
1R7,"100LL,A+"
08M,100LL
CKM,"100LL,A"
RNV,"100LL,A"
0R0,"100LL,A"
UBS,"100LL,A+"
GTR,"100LL,A,A+"
CRX,"100LL,A"
M11,"100LL,A1"
66Y,100LL
GLH,"100LL,A"
GWO,"100LL,A,A1+"
GNF,"100LL,A"
GPT,"100LL,A,A+"
HBG,"100LL,A"
PIB,"100,A"
MS9,100
M41,"100LL,A"
M44,100LL
IDL,100LL
15M,100LL
JAN,"100LL,A,A+"
HKS,"100LL,A+"
OSX,"100LL,A"
LUL,"100LL,A1+"
LMS,"100LL,A"
20M,100LL
MBO,"100LL,A1+"
17M,100LL
MCB,"100LL,A1+"
MEI,"100LL,A,A++"
HEZ,"100LL,A"
M72,100LL
M23,100LL
5R2,100LL
5A4,100LL
OLV,"100LL,A"
UOX,"100LL,A,A+"
PQL,"100LL,A"
MPE,"100LL,A"
MJD,"100LL,A"
04M,100LL
22M,100LL
M13,100LL
M43,100LL
23M,100LL
JVW,"100LL,A"
25M,"100LL,A"
STF,"100LL,A"
UTA,"100LL,A"
TUP,"100LL,A,A+,A1+"
T36,100LL
VKS,"100LL,A+,A1+,J"
33M,100LL
2R0,"100LL,A1+"
M83,"100LL,A"
M24,100LL
5A6,100LL
87I,"100LL,A1+"
K19,100LL
2H2,100LL
AOV,100LL
M17,"100LL,A"
VER,"100LL,A"
H19,100LL
BBG,"100LL,A,A+"
PLK,"100LL,A+"
FWB,"100LL,A"
MO8,"100LL,A"
H17,100LL
BUM,100LL
OZS,"100LL,A+"
EZZ,100LL
CGI,"100LL,A"
K26,100LL
94K,100LL
CHT,100LL
GLY,"100LL,A+"
COU,"100LL,A"
UBX,100LL
0C1,100LL
DXE,"100LL,A"
H79,"100LL,A+"
FAM,"100LL,A"
TBN,"100LL,A"
H88,"100LL,A"
FTT,100LL
3GV,100LL
HAE,"100LL,A"
LRY,100LL
M28,"100LL,A"
HIG,100LL
M48,100LL
JEF,"100LL,A"
JLN,"100LL,A"
AIZ,"100LL,A"
MKC,"100LL,A"
MCI,"100LL,A"
TKX,"100LL,A"
IRK,"100LL,A"
LLU,"100LL,A"
LBO,"100LL,A1+"
LXT,"100LL,A,MOGAS"
0N0,100LL
1H3,100LL
K89,"100LL,A+"
MAW,"100LL,A1+"
MHL,"100LL,A1+"
EVU,"100LL,A+"
03D,100LL
MYJ,"100LL,A,MOGAS"
MO9,"100LL,A+"
MBY,"100LL,A+"
HFJ,"100LL,A"
K52,100LL
6M6,100LL
GPH,"100LL,A+"
1MO,100LL
MNF,100LL
EOS,"100LL,A1+"
NVD,"100LL,A"
EIW,100LL
19T,MOGAS
K15,"100LL,A"
PCD,"100LL,A"
PYN,100LL
POF,"100LL,A"
8WC,"100LL,A+"
VIH,"100LL,A"
SET,100LL
STJ,"100LL,A"
STL,"100LL,A"
1H0,"100LL,A"
SUS,"100LL,A"
K33,100LL
DMO,"100LL,A"
SIK,"100LL,A"
3DW,"100LL,A"
SGF,"100LL,A"
MO3,100LL
UUV,"100LL,A"
K57,100LL
TRX,"100LL,A"
3VS,100LL
RCM,100LL
RAW,100LL
FYG,"100LL,A+"
UNO,"100LL,A"
1H5,100LL
3U3,100LL
BHK,"100LL,A+"
3U8,100LL
6S0,"100LL,A"
BIL,"100LL,A"
BZN,"100,100LL,A"
00F,"100LL,A"
BTM,"100,100LL,A"
LTY,100LL
S71,100LL
CII,"100LL,A"
4U6,100LL
6S3,100LL
S01,100LL
S85,100LL
CTB,"100LL,A,A+"
38S,"100LL,A"
DLN,"100LL,A,A+"
97M,100LL
EKS,"100LL,A1,A1+"
88M,100LL
1S3,100LL
79S,100LL
37S,100LL
GGW,"100LL,A1+"
GDV,"100LL,A+"
GTF,"100LL,A"
HRF,"100LL,A,A+"
00U,100LL
HVR,"100LL,A+"
HLN,"100,100LL,A"
S27,"100LL,A"
GPI,"100LL,A"
6S8,"100LL,A"
LWT,"100,100LL,A"
S59,"100LL,A"
LVM,"100LL,A"
M75,"100LL,A+"
MLS,"100LL,A"
MSO,"100LL,A1+"
S34,"100LL,A"
PWD,100LL
8S1,"100LL,A+"
PO1,"100LL,A+"
RED,100LL
7S0,"100LL,A+"
RPX,"100LL,A1"
52S,100LL
9S2,"100LL,A"
M35,MOGAS
SBX,"100LL,A+"
SDY,"100LL,A"
32S,100LL
9S4,100LL
THM,100LL
9S5,100LL
8U8,100LL
9U0,100LL
RVF,"100LL,A"
WYS,"100LL,A1+"
7S6,100LL
9S7,100LL
OLF,100LL
ANW,"100LL,A"
BVN,100LL
AIA,"100LL,A"
4D9,100LL
37V,100LL
8V2,100LL
K01,100LL
AUH,100LL
RBE,100LL
BIE,"100LL,A"
BTA,"100LL,A"
BBW,"100LL,A"
BUB,100LL
07K,100LL
CDR,"100LL,A"
CNP,100LL
OLU,"100LL,A"
CZD,"100LL,A"
6K3,100LL
CEK,"100LL,A"
47V,100LL
93Y,100LL
FBY,100LL
FMZ,100LL
FNB,"100LL,A"
FET,"100LL,A"
97Y,100LL
GRN,100LL
GTE,100LL
GRI,"100LL,A"
GGF,100LL
0B4,100LL
08K,100LL
HSI,"100LL,A"
HJH,"100LL,A"
HDE,"100LL,A"
1V2,100LL
IML,100LL
EAR,"100LL,A"
IBM,"100LL,A"
LXN,"100LL,A+"
LNK,"100LL,A"
0F4,100LL
MCK,"100LL,A"
0V3,100LL
AFK,"100LL,A"
4V9,100LL
OFK,"100LL,A+"
LBF,"100LL,A"
OGA,"100LL,A+"
OMA,"100LL,A,A+"
MLE,"100LL,A1+"
ONL,"100LL,A+"
ODX,100LL
OKS,"100LL,A,A+"
50K,100LL
0C4,100LL
PMV,"100LL,A"
7V7,100LL
9V5,100LL
BFF,"100LL,A"
SCB,100LL
SWT,"100LL,A"
SNY,"100LL,A"
12K,100LL
0G3,100LL
TQE,100LL
TIF,"100LL,A"
VTN,"100LL,A"
AHQ,"100LL,A"
LCG,100LL
JYR,"100LL,A"
TMT,"100LL,A"
BAM,"100LL,A"
BTY,100LL
BVU,"100LL,A"
CXP,"100LL,A"
E85,MOGAS
EKO,"100LL,A"
ELY,"100LL,A"
05U,"100LL,A,A+"
FLX,"100LL,A"
HTH,"100LL,A,A+"
0L7,"100LL,A"
VGT,"100LL,A"
LAS,"100,100LL,A1+"
HND,"100LL,A"
LOL,100LL
67L,"100LL,A"
MEV,"100LL,A"
U08,100LL
74P,"100LL,A,A+"
1L1,100LL
RNO,"100LL,A1+"
RTS,"100LL,A"
SPZ,100LL
TPH,"100LL,A"
LWL,"100LL,A"
WMC,"100LL,A"
O43,100LL
BML,"100LL,A"
CNH,100LL
CON,"100LL,A"
7B3,"100LL,MOGAS"
5B9,100LL
AFN,100LL
EEN,"100LL,A"
LCI,"100LL,A,A+"
LEB,"100LL,A"
MHT,"100LL,A"
4MB,100LL
ASH,"100LL,A1+"
2B3,100LL
PSM,"100LL,A,J8"
DAW,100LL
HIE,100LL
12N,100LL
ACY,"100LL,A,A++"
BLM,"100LL,A"
19N,A
1N7,100LL
00N,100LL
CDW,"100LL,A"
17N,"100LL,A"
N05,100LL
N81,"100LL,A"
N12,100LL
N07,"100LL,A"
LDJ,"100LL,A"
N14,"100LL,A"
47N,100LL
MIV,"100LL,A"
MMU,"100LL,A,A+"
VAY,"100LL,A"
EWR,"100LL,A"
26N,100LL
3N6,100LL
N85,100LL
N40,100LL
39N,"100LL,A"
N51,"100LL,A"
N87,100LL
SMQ,"100LL,A"
FWN,"100LL,A"
TEB,"100LL,A"
MJX,"100LL,A"
TTN,"100LL,A,A+"
28N,"100LL,A"
31E,100LL
4N1,"100LL,A"
WWD,"100LL,A"
OBI,100LL
ALM,"100LL,A1+"
AEG,"100LL,A1"
ABQ,"100LL,A,A1,A1+"
AXX,"100LL,A+"
ATS,"100LL,A1"
N19,100LL
BRG,"100LL,A1+"
CNM,"100LL,A1+"
F37,100LL
CAO,"100LL,A"
CVN,"100LL,A+"
DMN,"100LL,A1+"
1N1,100LL
E14,"100LL,A1+"
FMN,"100LL,A,A1+"
GUP,"100LL,A1+"
GNT,"100LL,A1+"
HOB,"100LL,A"
LRU,"100LL,A1+"
LVS,"100LL,A1"
LSB,"100LL,A1+"
LAM,"100LL,A1+"
E98,100LL
0E0,"100LL,A"
PRZ,"100LL,A"
RTN,"100LL,A1+"
ROW,"100LL,A,A1+"
SRR,"100LL,A1+"
SAF,"100LL,A,A+"
SXU,"100LL,A1+"
DNA,"100LL,A1+"
SVC,"100LL,A1"
ONM,100LL
SKX,"100LL,A1+"
TCS,"100LL,A1+"
TCC,"100LL,A+"
9G3,100LL
ALB,"100LL,A"
GVQ,"100LL,A1+"
BGM,"100LL,A"
7G0,"100LL,A"
BUF,"100LL,A"
9G0,"100LL,A+"
IUA,"100LL,A+"
K23,100LL
7N1,"100LL,A+"
N03,"100LL,A+"
DSV,100LL
4B1,100LL
DKK,"100LL,A,A+"
JPX,"100LL,A"
N89,100LL
ELM,"100LL,A"
CZG,100LL
FRG,"100LL,A"
83K,100LL
FZY,"100LL,A"
9G5,"100LL,MOGAS"
GFL,"100LL,A"
D59,100
4G2,100LL
VGC,"100LL,A,A+"
H43,A
HTF,"100LL,A"
1B1,"100,100LL,A1+"
ITH,"100LL,A"
JHW,"100LL,A"
NY0,100LL
20N,"100LL,A"
LKP,"100LL,A"
BQR,100LL
5G0,100LL
NY9,100LL
MAL,100LL
MSS,"100LL,A"
44N,100LL
MGJ,"100LL,A"
MSV,"100LL,A"
SWF,"100LL,A"
ISP,"100LL,A"
JRB,A
JRA,A
6N5,A1
JFK,"100LL,A"
LGA,"100LL,A"
IAG,"100LL,A,A+"
OIC,"100LL,A,A+"
OGS,"100LL,A"
OLE,"100LL,A+"
N66,"100LL,A,A+"
D82,MOGAS
PEO,"100LL,A"
01G,100LL
K09,100LL
PBG,"100LL,A"
PTD,"100LL,A"
POU,"100LL,A"
ROC,"100LL,A,J8"
RME,"100LL,A"
SLK,"100LL,A"
5B2,"100LL,A"
SCH,"100LL,A"
0G7,"100LL,A"
HWV,"100LL,A"
N23,"100LL,A"
6B9,100LL
4B0,"100LL,A"
SYR,"100LL,A"
4B6,100LL
6B4,100LL
N72,100LL
ART,"100LL,A"
B16,100LL
ELZ,"100LL,A"
FOK,"100LL,A"
HPN,"100LL,A"
SDC,100LL
N82,100LL
ASJ,"100LL,A1+"
VUJ,"100LL,A+,A1+"
RHP,"100LL,A,A1+"
HBI,"100LL,A1+"
AVL,"100LL,A"
MRH,"100LL,A1+"
BUY,"100LL,A1+"
CLT,"100LL,A,A++"
CTZ,"100LL,A1+"
JQF,"100LL,A,A+"
ONX,"100LL,A1+"
EDE,"100LL,A1+"
ECG,"100LL,A1+"
EYF,"100LL,A1+"
ZEF,"100LL,A1+"
7W6,100LL
HRJ,"100LL,A1+"
FAY,"100LL,A"
2GC,100LL
1A5,"100LL,A1+"
AKH,"100LL,A1+"
GWW,"100LL,A1+"
W88,100LL
GSO,"100LL,A"
PGV,"100LL,A"
IXA,"100LL,A1+"
HKY,"100LL,A1+"
OAJ,"100LL,A"
GEV,"100LL,A1+"
DPL,"100LL,A1+"
ISO,"100LL,A"
EXX,"100LL,A+"
IPJ,"100LL,A1+"
LHZ,"100LL,A1+"
LBT,"100LL,A1+,MOGAS"
MQI,"100LL,A1+"
MEB,"100LL,A1+"
8A7,100LL
EQY,"100LL,A1+"
14A,100LL
MRN,"100LL,A1+"
MWK,"100LL,A,A1+"
W40,"100LL,A1+"
EWN,"100LL,A"
UKF,"100LL,A1+"
SUT,"100LL,A1+"
60J,100LL
HNZ,"100LL,A1+"
SOP,"100LL,A+"
PMZ,"100LL,A1+"
5W4,"100LL,A+"
5W5,100LL
RDU,"100LL,A"
SIF,"100LL,A1+"
RCZ,"100LL,A1+"
RWI,"100LL,A"
TDF,"100LL,A1+"
FQD,"100LL,A1+"
RUQ,"100LL,A1+"
TTA,"100LL,A1+"
EHO,"100LL,A1+"
SCR,"100LL,A1+"
JNX,"100LL,A1+"
7A8,"100LL,A1+"
43A,100LL
SVH,"100LL,A,A1+"
24A,100LL
ETC,100LL
N97,100LL
AFP,"100LL,A1+"
ACZ,"100LL,A1+"
N63,100LL
OCW,"100LL,A1+"
CPC,"100LL,A1+"
MCZ,"100LL,A1"
ILM,"100LL,A,A+"
W03,"100LL,A1+"
INT,"100LL,A"
ASY,100LL
20U,"100LL,A"
95D,100LL
BIS,"100LL,A"
D09,100LL
BWW,"100LL,A"
46D,100LL
5N8,100LL
2C8,"100LL,A"
S32,100LL
D50,100LL
DVL,"100LL,A"
DIK,"100LL,A"
51D,"100LL,A"
4E7,100LL
5N4,100LL
FAR,"100LL,A,A+,A++,J8"
D54,100LL
D05,100LL
D57,100LL
GAF,"100LL,A"
GFK,"100LL,A"
GWR,"100LL,A"
5H4,100LL
HZE,"100LL,A"
HEI,"100LL,A"
3H4,100LL
JMS,"100LL,A"
7K5,100LL
9Y1,"100LL,A+"
K74,100LL
5L0,100LL
D55,100LL
7L2,"100LL,A"
6L3,100LL
Y19,100LL
MOT,"100LL,A"
HBC,"100LL,A"
3P3,100LL
4V4,100LL
64G,"100LL,A"
Y37,"100LL,A"
Y74,100LL
PMB,100LL
06D,"100LL,A"
RUG,"100LL,A"
08D,"100LL,A+,MOGAS"
D60,"100LL,A+"
BAC,"100LL,A"
BWP,"100LL,A"
96D,100LL
5C8,100LL
S25,"100LL,A"
XWA,"100LL,A"
CAK,"100LL,A"
AKR,"100LL,A"
3G4,"100LL,A+"
HZY,"100LL,A+"
UNI,"100LL,A+"
6G5,"100LL,A"
I69,"100LL,A"
EDJ,"100LL,A1+"
5G7,"100LL,A"
1G0,"100LL,A+"
0G6,"100LL,A+"
17G,"100LL,A+"
8G6,100LL
CDI,"100LL,A+"
TSO,"100LL,A"
CQA,"100LL,A"
HTW,100LL
RZT,"100LL,A"
LUK,"100LL,A+"
CYO,"100LL,A"
CLE,"100LL,A1+"
CGF,"100LL,A,A+"
BKL,"100LL,A"
TZR,"100LL,A1+"
LCK,"100LL,A,A++"
OSU,"100LL,A1+"
CMH,"100,A1+"
I40,"100LL,A+"
DAY,"100,A"
GDK,"100LL,A"
I73,100LL
MGY,"100LL,A,A+"
DFI,"100LL,A+"
DLZ,"100LL,A,A+"
02G,100LL
1G1,100LL
FDY,"100LL,A+"
FZI,"100LL,A"
14G,100LL
S24,"100LL,A+"
GQQ,"100LL,A"
GAS,"100LL,A1"
GEO,"100LL,UL94"
HAO,"100LL,A,A+"
I67,100LL
HOC,100LL
JRO,"100LL,A1+"
1G3,100LL
I95,"100LL,A1+"
LHQ,"100LL,A+"
I68,"100LL,A+"
AOH,"100LL,A1+"
UYF,"100LL,A"
LPR,"100LL,A"
22I,100LL
I71,100LL
MFD,"100LL,A1+"
MNN,"100LL,A1"
MRT,"100LL,A1,A1+"
1G5,"100LL,A+"
7G8,"100LL,MOGAS"
MWO,"100LL,A+"
10G,"100LL,A"
4I9,"100LL,MOGAS"
4I3,"100LL,A+"
7W5,"100LL,A"
VTA,"100LL,A1,A1+"
PHD,"100LL,A"
5A1,"100LL,A"
OWX,"100LL,A+"
OXD,"100LL,A1+"
3I7,"100LL,A"
I17,"100LL,A+,A1+"
PCW,"100LL,A+"
PMH,"100LL,A1+"
POV,"100LL,A+"
O12,100LL
38D,100LL
3G6,100LL
SCA,"100LL,A"
SGH,"100LL,A+"
2G2,"100LL,A,A+"
16G,"100LL,A+"
TOL,"100LL,A,A++"
2C9,MOGAS
TDZ,"100LL,A"
I74,"100LL,A+"
VNW,"100LL,A+"
VES,"100LL,A+"
3G3,"100LL,A,A1+"
15G,100LL
I64,100LL
AXV,"100LL,A1+"
62D,"100LL,MOGAS"
I23,"100LL,A"
USE,"100LL,A+,UL94"
EOP,"100LL,A1+"
40I,100LL
8G1,100LL
LNN,"100LL,A"
ILN,A
I66,100LL
2B6,UL94
4G5,"100LL,A+"
BJJ,"100LL,A,A1+"
4G4,"100LL,A+"
YNG,"100LL,A"
ZZV,"100LL,A"
42I,100LL
ADH,"100LL,A+"
AXS,"100LL,A+"
AVK,"100LL,A+"
80F,100LL
ADM,"100LL,A"
1F0,"100LL,A+"
AQR,100LL
BVO,"100LL,A+"
BKN,100LL
17K,"100LL,A,A+"
3F7,"100LL,A+"
90F,100LL
91F,100LL
CQB,"100LL,A1+"
4O5,100LL
93F,100LL
CHK,"100LL,A+"
GCM,"100LL,A"
CSM,A1+
CLK,"100LL,A+"
44M,100LL
CUH,"100LL,A"
DUC,"100LL,A+"
DUA,"100LL,A+"
ELK,"100LL,A+"
RQO,"100LL,A+"
WDG,"100LL,A+"
F08,100LL
6K4,100LL
FDR,100LL
1K4,"100LL,MOGAS"
GMJ,"100LL,A+"
GOK,"100LL,A"
GUY,"100LL,A+"
2K9,100LL
2O8,100LL
HBR,"100LL,A+"
O35,100LL
H92,100LL
O45,100LL
HHW,"100LL,A+"
4O4,"100LL,A+"
1K8,"100LL,A+"
F92,100LL
LAW,"100LL,A1+"
MLC,"100LL,A+"
2K4,100LL
MIO,"100LL,A+"
MKO,"100LL,A+"
OUN,"100LL,A+"
HSD,"100LL,A+"
OKC,"100LL,A"
PWA,"100LL,A+"
RCE,"100LL,A+"
OKM,"100LL,A+"
O38,100LL
PVJ,"100LL,A"
H76,"100LL,A+"
F22,"100LL,A+"
PNC,"100LL,A+"
RKR,"100LL,A+"
O47,100LL
H71,"100LL,A+"
3O3,100LL
JSV,"100LL,A"
OWP,100LL
3O4,100LL
SRE,"100LL,A"
SNL,"100LL,A+"
2F6,100LL
4O1,"100LL,A"
GZL,100LL
SWO,"100LL,A"
SUD,"100LL,A"
F30,100LL
TQH,"100LL,A+"
1O4,"100LL,A+"
RVS,"100LL,A,A+"
TUL,"100LL,A"
H04,100LL
JWG,"100LL,A"
OJA,"100LL,A+"
WWR,"100LL,A+"
S12,100LL
S03,"100LL,A"
AST,"100LL,A,A+"
UAO,"100LL,A"
BKE,"100LL,A"
S05,100LL
BDN,"100LL,A"
BOK,"100LL,A"
BNO,"100LL,A"
CVO,"100LL,A"
61S,100LL
77S,"100LL,A"
8S4,100LL
EUG,"100LL,A"
6S2,"100LL,A"
4S1,100LL
3S8,"100LL,A"
HRI,"100LL,A+"
7S3,100LL
4S2,100LL
7S9,100LL
7S5,100LL
GCD,"100LL,A"
JSY,100LL
LMT,"100LL,A,A++"
LGD,"100LL,A"
LKV,"100LL,A"
S30,"100LL,MOGAS"
9S9,100LL
MMV,"100LL,A"
S33,"100LL,A"
4S7,100LL
MFR,"100LL,A,A+"
2S6,"100LL,A"
17S,"100LL,A"
ONP,"100LL,A"
OTH,"100LL,A"
ONO,"100LL,A"
PDT,"100LL,A1+,MOGAS"
4S9,100LL
PDX,"100LL,A"
HIO,"100LL,A"
TTD,"100LL,A"
S39,"100LL,A"
RDM,"100LL,A,MOGAS"
RBG,"100LL,A"
SLE,"100LL,A"
SPB,"100LL,A"
6K5,100LL
S21,"100LL,A,A+"
DLS,"100LL,A1"
TMK,"100LL,A"
ABE,"100LL,A"
XLL,"100LL,A"
AOO,"100LL,A"
BVI,"100LL,A,A+"
HMZ,"100LL,A"
N96,"100LL,A"
N13,100LL
BFD,"100LL,A+"
9W8,100LL
BTP,"100LL,A,A+"
3G9,100LL
N94,"100LL,A+"
N68,100LL
AXQ,"100LL,A+"
FIG,"100LL,A"
MQS,"100LL,A"
VVS,"100LL,A"
8G2,"100LL,A+"
DYL,"100LL,A"
DUJ,"100LL,A"
N43,100LL
9G8,100LL
ERI,"100LL,A"
E75,MOGAS
C28,MOGAS
9N1,100LL
9N3,100LL
G05,100LL
FKL,"100LL,A"
9N7,100LL
6P7,"100LL,MOGAS"
W05,100LL
4G1,100LL
29D,"100LL,A,A+"
CXY,"100LL,A"
MDT,"100LL,A"
HZL,"100LL,A"
N30,100LL
IDI,"100LL,A,A+"
JST,"100LL,A,A+"
LNS,"100LL,A"
LBE,"100LL,A"
08N,100LL
22N,"100LL,A"
LHV,"100LL,A"
GKJ,"100LL,A"
FWQ,"100LL,A,A+"
N71,100LL
P45,100LL
P99,A
MPO,"100LL,A"
9D4,"100LL,A"
UCP,100LL
58N,100LL
CKZ,"100LL,A"
LOM,"100LL,A"
P72,A
PHL,"100LL,A"
PNE,"100LL,A"
AGC,"100LL,A,A+"
PIT,"100LL,A"
N47,100LL
PTW,"100LL,A"
ZER,"100LL,A"
N35,100LL
UKT,100LL
RDG,"100LL,A"
RVL,"100LL,A"
OYM,"100LL,A"
SEG,"100LL,A"
N79,"100LL,A"
3R9,100LL
69N,100LL
S37,"100LL,UL94"
2G9,"100LL,A,A+"
UNV,"100LL,A"
6G1,"100LL,A"
N57,100LL
N27,"100LL,A"
76N,100LL
AFJ,"100LL,A,A+"
WAY,100LL
N38,"100LL,A"
2N5,100LL
OQN,"100LL,A"
AVP,"100LL,A"
WBW,"100LL,A"
IPT,"100LL,A"
THV,"100LL,A"
PJC,"100LL,A,A+"
UUU,"100LL,A"
OQU,"100LL,A"
SFZ,"100LL,A,A+"
PVD,"100LL,A"
WST,"100LL,A"
08R,100LL
AIK,"100LL,A"
AQX,"100LL,A"
AND,"100LL,A"
99N,100LL
BNL,"100LL,A,MOGAS"
ARW,"100LL,A"
BBP,"100LL,A"
52J,100LL
CDN,"100LL,A"
JZI,"100LL,A"
CHS,"100,A1+"
CQW,"100LL,A"
DCM,"100LL,A"
CEU,"100LL,A"
CAE,"100LL,A"
CUB,"100LL,A"
HYW,"100LL,A,A+"
UDG,"100LL,A"
FLO,"100LL,A"
GGE,"100LL,A"
GMU,"100LL,A"
GYH,"100LL,A"
GRD,"100LL,A"
GSP,"100LL,A"
3J0,"100LL,A"
HVS,"100LL,A"
HXD,"100LL,A"
CKI,100LL
T73,100LL
LKR,"100LL,A"
LUX,100LL
MNI,"100LL,A"
MAO,"100LL,A"
MKS,"100LL,A"
LRO,"100LL,A"
MYR,"100LL,A"
EOE,100LL
CRE,"100LL,A"
OGB,"100LL,A"
1DS,100LL
PYG,100LL
6J0,100LL
LQK,"100LL,A"
3J1,"100LL,A,A+"
UZA,"100LL,A"
6J4,100LL
SPA,"100LL,A"
DYB,"100LL,A+"
SMS,"100LL,A"
35A,100LL
RBW,"100LL,A"
FDW,"100LL,A"
ABR,"100LL,A"
EFC,"100LL,A"
6V5,100LL
BTN,"100LL,A"
BKX,"100LL,A"
9D2,100LL
7G9,100LL
9V9,"100LL,A"
8D7,"100LL,A"
D65,100LL
CUT,"100LL,A"
D07,100LL
4P3,100LL
SD2,"100LL,UL91"
0D8,"100LL,A"
9D1,"100LL,A"
HSR,100LL
9F8,100LL
HON,"100LL,A"
LEM,"100LL,A"
5P2,100LL
MDS,"100LL,A"
1D1,100LL
MKA,100LL
MHE,"100LL,A"
MBG,"100LL,A,MOGAS"
7K7,"100LL,A"
98D,"100LL,A"
8V3,"100LL,A"
PHP,100LL
PIR,"100LL,A"
1D3,100LL
RAP,"100LL,A"
1D8,100LL
FSD,"100LL,A"
8D3,100LL
SPF,"100LL,A"
Y03,"100LL,MOGAS"
49B,"100LL,A"
Y14,"100LL,A"
VMR,"100LL,A"
AGZ,100LL
ATY,"100LL,A"
1D7,100LL
4X4,100LL
ICR,"100LL,A"
YKN,"100LL,A"
MMI,"100LL,A+"
M08,"100LL,A"
TRI,"100LL,A"
0M4,"100LL,A"
GHM,"100LL,A+"
CHA,"100LL,A"
CKV,"100LL,A+"
RZR,"100LL,A+"
M29,100LL
FGU,"100LL,A"
MRC,"100LL,A+"
1A3,100LL
M04,"100LL,A+"
CSV,"100LL,A+"
2A0,"100LL,A+"
M02,"100LL,A+"
DYR,"100LL,A+"
0A9,"100LL,A"
FYM,"100LL,A"
XNX,"100LL,A"
GCY,"100LL,A+"
0M3,100LL
M53,"100LL,A"
HZD,"100LL,A+"
JAU,"100LL,A"
MKL,"100LL,A"
2A1,100LL
APT,"100LL,A+,MOGAS"
DKX,"100LL,A+"
TYS,"100LL,A,A++"
3M7,"100LL,A+"
2M2,"100LL,A+"
M54,"100LL,A"
LUG,"100LL,A+"
PVE,"100LL,A+"
8A3,"100LL,A+"
M93,100LL
RNC,"100LL,A+"
MNV,"100LL,A1+"
M01,"100LL,A+"
MEM,"100LL,A,A+,A++"
2M8,"100LL,A+"
NQA,"100LL,A+"
MOR,"100LL,A"
6A4,"100LL,A+"
MBT,"100LL,A+"
BNA,"100LL,A"
JWN,"100LL,A+"
SCX,"100LL,A+"
PHT,"100LL,A+"
1M5,"100LL,A+"
GZS,"100LL,A+"
RKW,"100LL,A"
RVN,100LL
SNH,"100LL,A+"
SZY,"100LL,A+"
GKT,"100LL,A"
UOS,100LL
SYI,"100LL,A+"
0A3,"100LL,A+"
MQY,"100LL,A"
FYE,"100LL,A"
SRB,"100LL,A+"
M91,"100LL,A+"
3A2,100LL
TGC,"100LL,A+"
THA,"100,A"
UCY,"100LL,A+"
0M5,"100LL,A+"
BGF,"100LL,A,A+"
ABI,"100LL,A"
T23,"100LL,A"
ALI,"100LL,A"
E38,"100LL,A,A1+"
TDW,"100LL,A1+"
H81,"100LL,A1+"
AMA,"100LL,A1+"
T00,"100LL,A,A1+"
E11,"100LL,A"
LBX,"100LL,A"
GKY,"100LL,A,A+"
F44,"100LL,A"
ATA,100LL
AUS,"100LL,A"
HYI,"100LL,A+"
EDC,"100LL,A+"
E30,100LL
BYY,"100LL,A"
HPY,"100LL,A+"
54T,"100LL,A"
BMT,"100LL,A"
BPT,"100LL,A"
BEA,"100LL,A+"
TX2,A
E41,100LL
BPG,"100LL,A"
F00,"100LL,A+"
BGD,"100LL,A+"
0F2,"100LL,A"
BBD,"100LL,A"
BKD,"100LL,A"
11R,"100LL,A+"
XBP,"100LL,A+"
BFE,"100LL,A"
BRO,"100LL,A"
BWD,"100LL,A"
CFD,"100LL,A+"
BMQ,"100LL,A"
7F3,100LL
RWV,100LL
T35,"100LL,A"
HHF,"100LL,A,A++10"
CZT,"100LL,A+"
4F2,100LL
CVB,"100LL,A"
F17,"100LL,A+"
CDS,"100LL,A1+"
GZN,"100LL,A"
CPT,"100LL,A+"
6R3,"100LL,A+"
7F7,100LL
COM,100LL
CLL,"100LL,A,A+"
66R,"100LL,A"
MKN,"100LL,A"
2F7,100LL
CRP,"100LL,A"
CRS,"100LL,A,MOGAS"
COT,"100LL,A+"
DKR,100LL
DHT,"100LL,A1"
1F7,100LL
RBD,"100LL,A"
ADS,"100LL,A"
TKI,"100LL,A1+"
DFW,"100LL,A"
DAL,"100LL,A"
LUD,"100LL,A"
DRT,"100LL,A+"
DTO,"100LL,A"
E57,"100LL,A"
73T,"100LL,A"
23R,100LL
T55,100LL
9F0,UL94
DUX,"100LL,A"
ELA,"100LL,A"
5T9,"100LL,A+"
ETN,"100LL,A"
EBG,"100LL,A+"
26R,100LL
27R,100LL
ELP,"100LL,A1+"
F41,"100LL,A"
E35,100LL
BKS,"100LL,A"
41F,"100LL,A"
GRK,A
FST,"100LL,A+"
FTW,"100LL,A,A1+"
50F,"100LL,A"
T67,100LL
9F9,100LL
FWS,"100LL,A"
AFW,"100LL,A1+"
T82,"100LL,A"
GLE,"100LL,A+"
GLS,"100LL,A+"
T57,"100LL,A"
GOP,100LL
GTU,"100LL,A1+"
8T6,"100LL,A"
GYB,"100LL,A"
JXI,"100LL,A"
07F,100LL
T20,100LL
RPH,"100LL,A+"
GDJ,"100LL,A+"
GPM,"100LL,A"
GVT,"100LL,A"
34R,100LL
MNZ,"100LL,A"
HRL,"100LL,A"
15F,100LL
LHB,100LL
HBV,A
RFI,100LL
HRX,"100LL,A"
INJ,"100LL,A1+"
HDO,"100LL,A"
DZB,"100LL,A+"
LVJ,"100LL,A"
T51,100LL
EFD,"100LL,A"
AXH,"100LL,A+"
SGR,"100LL,A+"
IWS,"100LL,A+"
HOU,"100LL,A,A1"
IAH,"100LL,A"
TME,"100LL,A+"
CXO,"100LL,A"
DWH,"100LL,A1+"
UTS,"100LL,A+"
TFP,"100LL,A+"
2F0,100LL
21F,100LL
JSO,"100LL,A"
JAS,"100LL,A"
24F,100LL
JCT,"100LL,A+"
2R9,"100LL,A"
ERV,"100LL,A"
ILE,"100LL,A"
IKG,"100LL,A+"
45R,"100LL,A"
29F,"100LL,A"
RYW,100LL
3T5,"100LL,A"
T89,"100LL,A"
LUV,"100LL,A1+"
LZZ,100LL
LNC,"100LL,A+"
T41,"100LL,A"
LRD,"100LL,A"
LLN,"100LL,A"
T78,"100LL,A"
LIU,100LL
00R,100LL
AQO,"100LL,A"
50R,100LL
GGG,"100LL,A"
F82,"100LL,A1+"
LBB,"100LL,A,A1+"
LFK,"100LL,A+"
MFE,"100LL,A"
T31,100LL
51R,100LL
MRF,"100LL,A"
ASL,"100LL,A"
T92,100LL
HQZ,"100LL,A1+"
LXY,"100LL,A1+"
MDD,"100LL,A"
7T7,"100LL,MOGAS"
MAF,"100LL,A,A1"
JWY,"100LL,A"
3F9,100LL
JDD,"100LL,A"
MWL,"100LL,A"
E01,"100LL,A"
OSA,"100LL,A"
2T1,100LL
OCH,"100LL,A+"
60R,"100LL,A"
BAZ,"100LL,A+"
ODO,"100LL,A"
ONY,100LL
ORG,"100LL,A"
OZA,"100LL,A"
PSN,"100LL,A"
T13,100LL
PPA,"100LL,A1+"
T45,100LL
PRX,"100LL,A"
T30,A
PEQ,"100LL,A1+"
PYX,"100LL,A1+"
F98,100LL
PVW,"100LL,A1+"
PEZ,"100LL,A,A+"
RAS,100LL
PIL,"100LL,A"
PKV,"100LL,A++"
PRS,"100LL,A"
F01,100LL
RFG,100LL
52F,100LL
RBO,"100LL,A+"
RCK,100LL
RKP,"100LL,A+"
F46,"100LL,A+"
T54,"100LL,A+"
SJT,"100LL,A"
1T7,100LL
1T8,100LL
5C1,"100LL,A"
SKF,"100LL,A+"
SSF,"100LL,A"
SAT,"100LL,A"
81R,100LL
E70,100LL
GNC,"100LL,A"
2F1,100LL
SWI,100LL
GYI,"100LL,A"
T69,"100LL,A+"
F49,"100LL,A"
84R,100LL
SNK,"100LL,A1"
E42,100LL
88R,"100LL,A"
F56,100LL
SEP,"100LL,A+"
SLR,"100LL,A"
SWW,"100LL,A1+"
T74,"100LL,A+"
TPL,"100LL,A,A1+"
TRL,"100LL,A+"
I06,100LL
TYR,"100LL,A"
UVA,"100LL,A"
10X,A1+
VHN,"100LL,A1+"
E52,100LL
F05,"100LL,A+"
VCT,"100LL,A"
ACT,"100LL,A,UL94"
PWG,"100LL,A1+"
CNW,"100LL,A"
WEA,100LL
F06,100LL
TXW,"100LL,A"
ARM,"100LL,A+"
F14,100LL
CWC,"100LL,A"
SPS,"100LL,A"
76F,100LL
INK,"100LL,A+"
T90,"100LL,A+"
F51,"100LL,MOGAS"
APY,"100LL,A"
U52,100LL
BDG,"100LL,A"
BTF,"100LL,A,MOGAS"
BMC,"100LL,A"
BCE,"100LL,A"
CDC,"100LL,A"
UT9,MOGAS
DTA,"100LL,A"
U69,100LL
1L7,100LL
FOM,"100LL,A"
U34,100LL
U96,"100LL,A"
HCR,"100LL,A,J"
69V,100LL
1L8,"100LL,A,MOGAS"
KNB,"100LL,A"
38U,100LL
LGU,"100LL,A"
41U,"100LL,A"
MLF,"100LL,A"
CNY,"100LL,A"
U64,"100LL,A"
U14,"100LL,A"
OGD,"100,100LL,A1+,J"
1L9,"100LL,A"
PUC,"100LL,A"
PVU,"100,A"
RIF,"100LL,A,A+"
74V,"100LL,A"
SGU,"100LL,A"
SVR,"100LL,A"
SLC,"100LL,A++,A1+"
SPK,"100LL,A"
TVY,100LL
VEL,"100LL,A"
ENV,"100,A"
MPV,"100LL,A+"
DDH,"100LL,A"
BTV,"100LL,A"
FSO,"100LL,A1+"
6B0,100LL
MVL,"100LL,A"
EFK,"100LL,A+"
RUT,"100LL,A"
VSF,"100LL,A,A+"
0B7,100LL
VJI,"100LL,A"
BCB,"100LL,A+"
BKT,"100LL,A"
VBW,A+
0V4,100LL
CHO,"100LL,A"
W63,100LL
W81,100LL
CJR,"100LL,A+"
DAN,"100LL,A+"
PSK,"100LL,A+"
EMV,"100LL,A"
FVX,"100LL,A"
FKN,"100LL,A"
EZF,"100LL,A+"
RMN,"100LL,A"
FRR,100LL
HLX,"100LL,A+"
HSP,"100LL,A+"
0VG,"100LL,A+"
W31,100LL
JYO,"100LL,A"
LKU,"100LL,A"
LUA,"100LL,A+"
W24,100LL
LYH,"100LL,A"
MKJ,"100LL,A+"
MTV,"100LL,A+"
MFV,"100LL,A"
W91,100LL
8W2,100LL
PHF,"100LL,A"
ORF,"100LL,A"
PVG,"100LL,A+"
CPK,"100LL,A"
OMH,"100LL,A+"
PTB,"100LL,A"
W96,100LL
JFZ,"100LL,A+"
OFP,"100LL,A"
FCI,"100LL,A"
RIC,"100LL,A"
ROA,"100LL,A"
W75,100LL
W78,100LL
AVC,"100LL,A"
SHD,"100LL,A"
SFQ,"100LL,A,MOGAS"
XSA,"100LL,A"
AKQ,100LL
HWY,"100LL,A"
W13,100LL
FYJ,"100LL,A+"
JGG,"100LL,A+"
OKV,"100LL,A"
LNP,"100LL,A+"
74S,"100,A"
AWO,"100LL,A"
S50,"100LL,A"
BLI,"100LL,A"
PWT,"100LL,A"
BVS,"100LL,A"
1W1,"100,MOGAS"
CLS,"100LL,A"
S10,"100LL,A"
1S9,"100LL,A"
S95,100LL
63S,"100LL,A"
3W5,100LL
68S,100LL
DEW,"100LL,A"
ORS,100LL
ELN,"100LL,A"
EPH,"100LL,A,A+"
PAE,"100LL,A"
FHR,100LL
S20,100LL
HQM,"100LL,A"
KLS,"100LL,A"
S60,"100LL,A"
S36,100LL
38W,100LL
MWH,"100LL,A,A1+"
OKH,"100LL,A"
S35,100LL
OLM,"100LL,A"
OMK,"100LL,A"
0S7,100LL
S70,100LL
PSC,"100LL,A1+"
CLM,"100LL,A"
0S9,100LL
S40,100LL
PUW,"100LL,A"
PLU,100LL
RNT,"100LL,A,A+"
W36,"100LL,A,A+"
RLD,"100LL,A"
SEA,"A,A1"
BFI,"100LL,A"
W28,100LL
SHN,"100LL,A"
S43,"100LL,A"
GEG,"100,100LL,A"
SFF,"100LL,A1+"
1S5,100LL
TIW,"100LL,A"
73S,100LL
TDO,100LL
VUO,100LL
ALW,"100LL,A"
EAT,"100LL,A"
2S8,"100LL,A"
S52,"100LL,A"
YKM,"100LL,A"
BKW,"100LL,A"
BLF,"100LL,A,A+"
W22,"100LL,A"
CRW,"100LL,A"
CKB,"100LL,A"
EKN,"100LL,A"
4G7,100LL
HTS,"100LL,A"
LWB,"100LL,A"
6L4,"100LL,A"
MRB,"100LL,A,A++"
12V,100LL
MGW,"100LL,A,A+"
MPG,100LL
PKB,"100LL,A"
W99,"100LL,A"
79D,100LL
I16,100LL
I18,"100LL,A,A+"
USW,"100LL,A"
SXL,100LL
48I,"100LL,A"
HLG,"100LL,A+"
EBD,"100LL,A1"
AHH,"100LL,A"
AIG,"100LL,A"
ATW,"100LL,A"
ASX,"100LL,A+"
DLL,"100LL,A+"
44C,100LL
BCK,"100LL,A+"
OVS,100LL
3T3,100LL
02C,"100LL,UL91"
BUU,"100LL,A+"
3CU,100LL
Y23,100LL
CLI,"100LL,A+"
UBE,"100LL,UL94"
EGV,"100LL,A+"
57C,"100LL,A+"
EAU,"100LL,A"
3D2,100LL
FLD,"100LL,A"
61C,"100LL,A+"
63C,100LL
GRB,"100LL,A"
HXF,"100LL,A+,MOGAS"
HYR,"100LL,A+"
JVL,"100LL,A"
UNU,"100LL,A+"
ENW,"100LL,A+"
LSE,"100LL,A"
RCX,"100LL,A"
73C,100LL
LNL,"100LL,MOGAS"
LNR,"100LL,A+"
MSN,"100LL,A,A++"
D25,100LL
MTW,"100LL,A+,MOGAS"
MFI,"100LL,A+"
MDZ,"100LL,A+"
LUM,"100LL,A+"
RRL,"100LL,A+"
C29,"100LL,A+,UL94"
MWC,"100LL,A+"
MKE,"100LL,A"
MRJ,"100LL,A+"
ARV,"100LL,A1+"
EFT,"100LL,A+"
CWA,"100LL,A"
79C,100LL
8D1,100LL
82C,"100LL,A+"
RNH,"100LL,A"
OCQ,100LL
OEO,"100LL,A+"
OSH,"100LL,A+"
PKF,100LL
PBH,"100LL,A+,UL91"
PVB,"100LL,A"
C47,"100LL,UL91"
PDC,"100LL,A+"
91C,"100LL,UL94"
92C,"100LL,UL94"
RAC,"100LL,A,A+"
C35,"100LL,A+"
RHI,"100LL,A"
RPD,"100LL,A+"
93C,100LL
EZS,100LL
SBM,"100LL,A+"
RZN,"100LL,A+"
OLG,100LL
CMY,"100LL,A++"
STE,"100LL,A+"
SUE,"100LL,A+"
C89,100LL
W11,100LL
SUW,"100LL,A+"
7P5,MOGAS
Y72,100LL
TKV,100LL
Y51,100LL
RYV,"100LL,A+"
UES,"100LL,A+"
6P3,100LL
PCZ,"100LL,A+"
AUW,"100LL,A+,MOGAS"
Y50,100LL
ETB,"100LL,A+"
ISW,"100LL,A,A+"
AFO,"100LL,A"
46U,"100LL,A"
BPI,"100LL,A"
BYG,"100LL,A"
CPR,"100LL,A"
CYS,"100LL,A,A1"
COD,"100,100LL,A,A+"
U68,100LL
DWX,100LL
DGW,"100LL,A"
DUB,"100LL,A"
EVW,"100LL,A"
FBR,100LL
GCC,"100LL,A,A+"
GEY,"100LL,A"
GUR,A
W43,"100LL,A"
JAC,"100LL,A"
EMM,"100LL,A"
LND,"100LL,A"
LAR,"100LL,A"
LSK,100LL
ECS,"100LL,A"
82V,100LL
PNA,"100LL,A"
POY,"100LL,A"
RWL,"100LL,A"
RIW,"100LL,A"
RKS,"100LL,A1+"
HSG,"100LL,A"
SAA,"100LL,A"
SHR,"100,A,A1+"
TOR,"100LL,A+"
WRL,"100LL,A"
ADK,A1
Z33,"100LL,MOGAS"
2OK,"100LL,A"
ANC,"100,100LL,A,A1"
MRI,"100,A"
LHD,"100,100LL,A"
ANI,"100LL,A"
BRW,"100LL,A1"
Z58,"100,100LL,A"
Z59,"100,100LL"
BET,"100,100LL,A,A1"
BTT,"100LL,A1+"
BCV,100LL
TTW,100LL
CKX,MOGAS
CRC,100LL
CDB,"100LL,A"
Z87,"100LL,A"
CJX,MOGAS
SCC,"100,A"
DLG,"100LL,A"
FAI,"100LL,A1"
GAL,"100LL,A"
GKN,"100LL,A"
GST,A
HNS,"100LL,A"
HRR,"100LL,A"
HOM,"100LL,A"
5BL,100LL
IGG,100LL
ILI,"100LL,A"
JNU,"100LL,A1+"
RK1,"100LL,A"
ENA,"100LL,A"
9C0,100LL
KTN,"100LL,A"
AKN,"100LL,A"
ADQ,"100LL,A1"
T44,100LL
OTZ,"100,A"
13S,MOGAS
MCG,"100LL,A1+"
16Z,100
5NK,100LL
OUL,100LL
ENN,"100LL,A"
94Z,100LL
OME,"100LL,A,A1+"
PAQ,"100LL,A1"
PSG,"100,A"
05K,"100LL,A"
PTH,100LL
SNP,A
SDP,A
SWD,"100LL,A"
SIT,"100,A1+"
SGY,100LL
SLQ,100LL
SXQ,"100LL,A"
TKA,"100LL,A,A+"
AK8,100LL
6K8,"100LL,A"
UNK,"100LL,A"
DUT,A
VDZ,"100LL,A"
L93,A
IYS,"100LL,A"
UUO,100LL
68A,100LL
WRG,"100LL,A"
YAK,"100,A1+"
GUM,"100LL,A1"
ROR,A1
N55,100
TTK,A1
MAJ,A1+
GSN,"100,100LL,A1+"
PPG,"100,A1+"
PNI,"100,100LL,A1+"
TKK,"100LL,A1+"
T11,A1
ITO,"100LL,A,A+,MOGAS"
HNL,"100,A,A1+"
OGG,"100,A"
KOA,"100,A"
JRF,"100LL,A,A1"
LNY,A
LIH,"100,A"
HDH,"100,A"
BQN,"100,A1"
RVR,"100LL,A"
PSE,"100LL,A"
SIG,"100,A"
SJU,"100,A+,A++"
STT,"100LL,A"
STX,"100LL,A1+"
CYXX,"100LL,A"
CAJ4,"100,A"
CYSQ,100LL
CYBD,"100LL,A"
CZBB,"100LL,A1"
CYPZ,"100LL,A"
CYDA,"100LL,A"
CYDL,100LL
CZMT,A1
CYMA,"100LL,A"
CYCD,"100LL,A1"
CYOC,"100LL,A"
CYRP,100LL
CYPK,"100LL,A"
CYZT,"100LL,A1"
CYPW,"100LL,A1"
CYPR,A1
CYZP,A1
CYYD,"100LL,A1"
CZST,A
CYXT,"100LL,A1"
CYAZ,"100LL,A1"
CYVR,"100LL,A,A1"
CYYJ,"100LL,A1"
CYXY,"100LL,A"
TQPF,"100,A"
MYSM,A
MYGF,"100LL,A"
MYEF,"100LL,A"
MYEM,"100LL,A"
MYAM,"100,A"
MYIG,A
MYNN,"100LL,A1"
MYEH,"100LL,A1"
MYLS,"100LL,A1"
MYAT,A
TXKF,A1
TUPJ,"100,A1"
TNCM,"100,A1"
MBPV,"100,A"
